n_patterns,avg_time_ms,total_matches,total_bytes
8,10.635787,13,100000
88,11.177959,137,100000
168,10.183188,265,100000
248,10.555576,340,100000
328,11.410364,453,100000
408,11.677048,560,100000
488,11.860953,714,100000
568,11.633738,855,100000
648,10.877128,969,100000
728,12.610870,1004,100000
808,12.620836,1122,100000
888,12.842034,1241,100000
968,12.931200,1342,100000
1048,13.238161,1490,100000
1128,13.430178,1607,100000
1208,13.513324,1743,100000
1288,13.544218,1803,100000
1368,13.846186,1899,100000
1448,13.941032,2009,100000
1528,14.163193,2146,100000
1608,14.297916,2227,100000
1688,14.381119,2466,100000
1768,14.807057,2470,100000
1848,14.771888,2600,100000
1928,14.946514,2693,100000
2008,15.132680,2911,100000
2088,15.465084,2976,100000
2168,16.949209,3089,100000
2248,15.940536,3167,100000
2328,15.841759,3350,100000
2408,16.121107,3414,100000
2488,16.326009,3573,100000
2568,17.640771,3709,100000
2648,17.832128,3760,100000
2728,17.072848,3861,100000
2808,17.232496,3986,100000
2888,19.253160,4024,100000
2968,17.805423,4360,100000
3048,17.774115,4247,100000
3128,19.195114,4481,100000
3208,18.621822,4500,100000
3288,18.342142,4681,100000
3368,20.385989,4810,100000
3448,19.006888,4839,100000
3528,18.996255,5049,100000
3608,20.880834,5054,100000
3688,19.110260,5254,100000
3768,21.418506,5345,100000
3848,19.625872,5553,100000
3928,21.754753,5598,100000
4008,20.093715,5810,100000
4088,22.418658,5797,100000
4168,20.409392,5885,100000
4248,22.452697,5953,100000
4328,20.728632,6264,100000
4408,23.091184,6340,100000
4488,22.750450,6184,100000
4568,21.653660,6400,100000
4648,23.614248,6634,100000
4728,21.767880,6786,100000
4808,23.423429,6763,100000
4888,24.072232,6814,100000
4968,22.853938,6947,100000
5048,23.937874,7132,100000
5128,24.795014,7289,100000
5208,25.156837,7415,100000
5288,22.976654,7499,100000
5368,25.003594,7735,100000
5448,25.566297,7786,100000
5528,25.641006,7902,100000
5608,26.135417,7911,100000
5688,24.809713,8247,100000
5768,24.891676,8165,100000
5848,26.688290,8296,100000
5928,26.637083,8388,100000
6008,27.299704,8640,100000
6088,27.105380,8674,100000
6168,27.788611,8682,100000
6248,27.398511,8979,100000
6328,27.223392,8887,100000
6408,27.316776,9052,100000
6488,27.581825,9242,100000
6568,27.684526,9217,100000
6648,27.899800,9449,100000
6728,28.697493,9609,100000
6808,28.338546,9681,100000
6888,28.425530,9787,100000
6968,28.998387,10027,100000
7048,29.921105,10107,100000
7128,29.936272,10096,100000
7208,29.618864,10148,100000
7288,29.307414,10437,100000
7368,29.781909,10525,100000
7448,30.041639,10580,100000
7528,31.376523,10618,100000
7608,30.189729,10720,100000
7688,30.814549,10909,100000
7768,31.423332,11135,100000
7848,31.649982,11090,100000
7928,31.304646,11187,100000
8008,31.655686,11247,100000
8088,32.911708,11487,100000
8168,33.116771,11525,100000
8248,34.968066,11590,100000
8328,33.231751,11727,100000
8408,35.411545,11897,100000
8488,33.555497,12197,100000
8568,35.912249,12032,100000
8648,34.259202,12221,100000
8728,36.378104,12447,100000
8808,34.331305,12556,100000
8888,37.347345,12598,100000
8968,37.482137,12748,100000
9048,34.941845,13161,100000
9128,36.613526,12712,100000
9208,35.044204,12973,100000
9288,35.864499,13269,100000
9368,36.970135,13297,100000
9448,36.613760,13519,100000
9528,35.869576,13678,100000
9608,37.509881,13636,100000
9688,38.184493,13761,100000
9768,37.325566,13867,100000
9848,38.417662,13914,100000
9928,39.897476,14142,100000
10008,39.917918,14223,100000
10088,40.160373,14318,100000
10168,40.372329,14483,100000
10248,40.598073,14504,100000
10328,40.967074,14530,100000
10408,41.367011,14837,100000
10488,41.161075,14759,100000
10568,41.632439,14962,100000
10648,41.435468,15033,100000
10728,41.251552,15221,100000
10808,41.131282,15364,100000
10888,41.680855,15252,100000
10968,41.806452,15414,100000
11048,42.510765,15574,100000
11128,43.491180,15786,100000
11208,42.538423,15912,100000
11288,42.783109,16150,100000
11368,43.399631,16178,100000
11448,42.587588,16245,100000
11528,43.360099,16377,100000
11608,43.865841,16782,100000
11688,44.987811,16509,100000
11768,45.958322,16786,100000
11848,44.953583,16936,100000
11928,45.229883,16743,100000
12008,47.733849,16759,100000
12088,45.420326,17274,100000
12168,45.414394,17117,100000
12248,48.484486,17191,100000
12328,46.051331,17445,100000
12408,46.517857,17515,100000
12488,47.392078,17906,100000
12568,47.282642,18037,100000
12648,48.337452,18018,100000
12728,47.201954,18330,100000
12808,49.413670,18109,100000
12888,47.380189,18310,100000
12968,49.870053,18578,100000
13048,48.273709,18711,100000
13128,49.874526,18635,100000
13208,48.124185,18718,100000
13288,50.842064,18910,100000
13368,48.845704,18958,100000
13448,50.312514,19163,100000
13528,51.443913,19417,100000
13608,48.888058,19391,100000
13688,51.117089,19328,100000
13768,52.203905,19460,100000
13848,50.696995,19550,100000
13928,50.847390,19812,100000
14008,52.310517,19921,100000
14088,52.088713,20124,100000
14168,50.809800,19945,100000
14248,50.119600,20177,100000
14328,50.753898,20716,100000
14408,51.473896,20456,100000
14488,49.674817,20259,100000
14568,51.133317,20766,100000
14648,51.596479,20767,100000
14728,52.054451,20920,100000
14808,52.033952,21080,100000
14888,50.556668,21211,100000
14968,52.318655,21387,100000
15048,53.969839,21510,100000
15128,52.647447,21464,100000
15208,53.584734,21601,100000
15288,52.872061,21873,100000
15368,53.234361,21797,100000
15448,54.194715,21777,100000
15528,54.192731,22000,100000
15608,53.749811,21985,100000
15688,54.226782,22305,100000
15768,54.060177,22288,100000
15848,54.166471,22377,100000
15928,54.435289,22515,100000
16008,54.496165,22840,100000
16088,54.720060,22880,100000
16168,55.546553,23122,100000
16248,55.356321,22971,100000
16328,55.416822,23340,100000
16408,55.717147,23174,100000
16488,55.889897,23275,100000
16568,56.240562,23313,100000
16648,58.111556,23524,100000
16728,56.399705,23942,100000
16808,56.733577,23844,100000
16888,57.280071,23905,100000
16968,58.329644,23816,100000
17048,57.762232,24151,100000
17128,58.377885,24250,100000
17208,57.741054,24378,100000
17288,58.466404,24576,100000
17368,58.014629,24627,100000
17448,58.391078,24525,100000
17528,60.112296,24747,100000
17608,59.329315,25100,100000
17688,61.665623,25116,100000
17768,59.902707,25345,100000
17848,61.902481,25490,100000
17928,59.484608,25361,100000
18008,60.793732,25649,100000
18088,60.691636,25530,100000
18168,60.568235,25903,100000
18248,60.506025,26136,100000
18328,62.917496,26077,100000
18408,60.541613,25989,100000
18488,62.731936,26054,100000
18568,62.275229,26261,100000
18648,64.164455,26470,100000
18728,63.511317,26564,100000
18808,61.869884,26823,100000
18888,63.536277,26598,100000
18968,63.600153,26895,100000
19048,62.081041,27140,100000
19128,64.109651,27101,100000
19208,64.197375,27269,100000
19288,63.391263,27526,100000
19368,63.742379,27480,100000
19448,64.827112,27521,100000
19528,64.904438,27341,100000
19608,67.290604,27890,100000
19688,64.029245,27996,100000
19768,65.116416,28320,100000
19848,67.009280,27961,100000
19928,67.088575,28264,100000
20008,68.266991,28543,100000
20088,66.723097,28564,100000
20168,66.753585,28564,100000
20248,66.915166,28798,100000
20328,66.917702,28876,100000
20408,67.305449,28735,100000
20488,67.566875,29191,100000
20568,67.637660,29180,100000
20648,68.408836,29538,100000
20728,69.235445,29265,100000
20808,69.567658,29830,100000
20888,70.694828,29522,100000
20968,69.711134,30073,100000
21048,68.822838,29763,100000
21128,70.161183,30104,100000
21208,69.167454,30112,100000
21288,68.918906,30415,100000
21368,70.076464,30180,100000
21448,70.013399,30434,100000
21528,69.539158,30384,100000
21608,71.141072,30776,100000
21688,70.507097,30630,100000
21768,70.645122,31103,100000
21848,71.125671,31143,100000
21928,72.343413,30848,100000
22008,71.433708,31256,100000
22088,72.160558,31295,100000
22168,74.463127,31583,100000
22248,72.933095,31492,100000
22328,74.850670,31882,100000
22408,72.127096,31824,100000
22488,72.367843,31918,100000
22568,73.282157,31799,100000
22648,72.364128,32154,100000
22728,75.720576,32046,100000
22808,78.073431,32434,100000
22888,75.379498,32748,100000
22968,77.056279,32673,100000
23048,74.620743,32792,100000
23128,77.021606,32857,100000
23208,75.913436,33103,100000
23288,74.861445,33142,100000
23368,76.638038,33017,100000
23448,76.166158,33030,100000
23528,75.695760,33559,100000
23608,77.057522,33637,100000
23688,75.768591,33972,100000
23768,75.695234,33819,100000
23848,77.138267,33605,100000
23928,75.590466,34018,100000
24008,77.779035,34218,100000
24088,77.697513,33939,100000
24168,77.760384,34547,100000
24248,76.617088,34292,100000
24328,77.136569,34243,100000
24408,83.000645,34494,100000
24488,84.194089,34734,100000
24568,85.369424,35044,100000
24648,85.400912,35269,100000
24728,85.794641,35251,100000
24808,85.828051,34968,100000
24888,86.589270,35120,100000
24968,87.190842,35590,100000
25048,86.097936,35277,100000
25128,86.477832,35867,100000
25208,86.590627,35787,100000
25288,86.082774,35965,100000
25368,87.069148,36189,100000
25448,87.580193,35904,100000
25528,86.524145,36402,100000
25608,87.923326,36110,100000
25688,89.007026,36447,100000
25768,87.878161,36331,100000
25848,90.640333,36720,100000
25928,89.738101,36817,100000
26008,89.595529,36855,100000
26088,89.084347,37112,100000
26168,89.564259,37112,100000
26248,89.781659,37299,100000
26328,91.923889,37264,100000
26408,91.059824,37736,100000
26488,91.770726,37614,100000
26568,89.955488,38047,100000
26648,93.331057,37660,100000
26728,93.014437,38157,100000
26808,90.874294,37950,100000
26888,93.143160,38223,100000
26968,91.499717,38176,100000
27048,93.153709,38631,100000
27128,94.638978,38365,100000
27208,95.306706,38633,100000
27288,91.270155,38503,100000
27368,88.103543,38787,100000
27448,97.648875,38949,100000
27528,91.672002,38917,100000
27608,96.662878,39036,100000
27688,94.613737,39306,100000
27768,98.509593,39007,100000
27848,97.263065,39716,100000
27928,96.813023,39551,100000
28008,94.626977,39975,100000
28088,94.214703,39849,100000
28168,96.709160,40094,100000
28248,96.331710,40167,100000
28328,99.110723,40059,100000
28408,102.638374,40277,100000
28488,98.248924,40579,100000
28568,99.885436,40434,100000
28648,99.530459,40713,100000
28728,98.892467,40947,100000
28808,102.121661,41026,100000
28888,99.412864,41119,100000
28968,100.211608,41086,100000
29048,100.495499,41011,100000
29128,100.958015,41185,100000
29208,104.925150,41231,100000
29288,106.572787,41689,100000
29368,102.108472,41900,100000
29448,103.700183,41930,100000
29528,105.563056,42186,100000
29608,104.890308,41919,100000
29688,103.357276,41932,100000
29768,101.939311,42065,100000
29848,116.749938,42369,100000
29928,104.770679,42386,100000
30008,105.804717,42355,100000
30088,104.151050,42638,100000
30168,105.284638,42653,100000
30248,108.818503,43177,100000
30328,115.121741,42755,100000
30408,112.920689,43040,100000
30488,112.322317,43230,100000
30568,110.632494,43358,100000
30648,105.770140,43783,100000
30728,110.842518,43557,100000
30808,135.748311,44023,100000
30888,139.769486,43936,100000
30968,116.433825,44240,100000
31048,112.045201,43722,100000
31128,108.972887,44077,100000
31208,109.121674,44345,100000
31288,109.438675,44445,100000
31368,109.897897,44865,100000
31448,111.460927,44572,100000
31528,111.560848,44269,100000
31608,110.930000,44992,100000
31688,110.801102,44908,100000
31768,111.674890,44810,100000
31848,112.967372,45351,100000
31928,113.905967,45109,100000
32008,111.712769,45465,100000
32088,116.438337,45559,100000
32168,113.577961,45895,100000
32248,114.213558,45775,100000
32328,113.984091,45811,100000
32408,113.337415,46036,100000
32488,116.837438,46024,100000
32568,114.070401,46195,100000
32648,116.376496,46096,100000
32728,118.755235,46365,100000
32808,117.763774,46458,100000
32888,119.357548,46623,100000
32968,117.341815,47041,100000
33048,117.496923,47023,100000
33128,118.700447,46962,100000
33208,122.301864,47114,100000
33288,122.452265,47189,100000
33368,120.900143,47314,100000
33448,122.575821,47778,100000
33528,122.590091,47512,100000
33608,123.900024,47878,100000
33688,121.685517,47817,100000
33768,123.540086,47985,100000
33848,121.557906,48216,100000
33928,127.349525,48033,100000
34008,122.951623,48284,100000
34088,129.927775,48437,100000
34168,141.657296,48649,100000
34248,126.792871,48708,100000
34328,130.508365,48685,100000
34408,127.954827,48826,100000
34488,129.472390,48869,100000
34568,128.667888,49033,100000
34648,124.316687,49071,100000
34728,127.777672,49131,100000
34808,124.905553,49580,100000
34888,130.289604,49437,100000
34968,133.941079,49750,100000
35048,129.310015,49790,100000
35128,129.244331,49842,100000
35208,132.534686,49888,100000
35288,132.167171,50280,100000
35368,132.312318,50085,100000
35448,132.712600,50311,100000
35528,132.879855,50387,100000
35608,130.234941,50431,100000
35688,129.644721,50458,100000
35768,131.585356,50633,100000
35848,131.972072,50986,100000
35928,133.340682,50799,100000
36008,132.092684,51390,100000
36088,128.964976,51241,100000
36168,131.541259,51294,100000
36248,130.522235,51425,100000
36328,131.814955,51530,100000
36408,136.997300,51691,100000
36488,136.388591,51865,100000
36568,137.903626,51868,100000
36648,140.928700,51840,100000
36728,141.438793,52097,100000
36808,146.351956,52506,100000
36888,144.613962,52212,100000
36968,140.619883,52700,100000
37048,140.446594,52424,100000
37128,140.345714,52657,100000
37208,138.902991,52901,100000
37288,137.483331,53070,100000
37368,137.685140,52986,100000
37448,141.293145,53398,100000
37528,138.049121,53289,100000
37608,137.464662,53398,100000
37688,143.029531,53353,100000
37768,140.503842,53637,100000
37848,138.476454,53713,100000
37928,143.744268,53616,100000
38008,139.509236,54206,100000
38088,140.807274,54075,100000
38168,144.394159,54356,100000
38248,147.725810,54025,100000
38328,140.281437,54212,100000
38408,142.608015,54643,100000
38488,146.227073,54744,100000
38568,162.649062,54704,100000
38648,161.940222,54662,100000
38728,160.572846,55073,100000
38808,167.693838,54980,100000
38888,170.065649,54964,100000
38968,162.282371,55315,100000
39048,161.917004,55491,100000
39128,161.085605,55500,100000
39208,162.711966,55995,100000
39288,169.200057,55814,100000
39368,170.500165,56002,100000
39448,165.189310,55831,100000
39528,165.784560,55983,100000
39608,165.971500,56144,100000
39688,163.728678,56277,100000
39768,151.335942,56785,100000
39848,151.202390,56439,100000
39928,147.800006,56646,100000
40008,155.543096,56631,100000
40088,156.326903,57155,100000
40168,149.675797,57144,100000
40248,152.992341,57079,100000
40328,150.721496,56990,100000
40408,152.673293,57261,100000
40488,162.936428,57233,100000
40568,158.890424,57854,100000
40648,159.226174,57263,100000
40728,158.062023,57968,100000
40808,170.199707,57851,100000
40888,159.654855,58082,100000
40968,160.007607,58044,100000
41048,153.012161,58439,100000
41128,155.801977,58339,100000
41208,154.385092,58282,100000
41288,144.550882,58677,100000
41368,140.261908,58712,100000
41448,139.803140,58790,100000
41528,142.819540,59236,100000
41608,141.817834,59188,100000
41688,145.033685,59033,100000
41768,141.966622,59323,100000
41848,135.719230,59375,100000
41928,140.678096,59557,100000
42008,138.389355,59659,100000
42088,137.437643,59754,100000
42168,140.583119,59971,100000
42248,137.463312,59986,100000
42328,137.354342,60063,100000
42408,138.381333,60131,100000
42488,141.235875,60016,100000
42568,139.008475,60451,100000
42648,138.797248,60672,100000
42728,140.746430,60632,100000
42808,138.155790,61029,100000
42888,137.920265,60802,100000
42968,138.771418,61039,100000
43048,140.337573,60974,100000
